<ots:query xmlns:ots="urn:xmlns:oceaninformatics.biz:schema:OTSQuerySchema" name="Route of Administration" language="en-GB" terminology="Snomed" parentQuery="" description="" baseQuery="" cacheMode="Permanent" pruneDeadHeads="true">
   <childNodes>
      <placeHolder text="Other">
         <childNodes>
            <tree conceptId="284009009" maxDepth="0" rootOperation="Passthrough" treeOperation="Select" treeRelationship="116680003" reverseTreeRelationship="true"></tree>
         </childNodes>
      </placeHolder>
      <concept conceptId="26643006" operation="Select"></concept>
      <concept conceptId="78421000" operation="Select"></concept>
      <concept conceptId="47625008" operation="Select"></concept>
      <concept conceptId="34206005" operation="Select"></concept>
   </childNodes>
</ots:query>